{
  "project_info": {
    "project_number": "911699780224",
    "firebase_url": "https://whatsappv2-b5eb6.firebaseio.com",
    "project_id": "whatsappv2-b5eb6",
    "storage_bucket": "whatsappv2-b5eb6.appspot.com"
  },
  "client": [
    {
      "client_info": {
        "mobilesdk_app_id": "1:911699780224:android:f4ebec0cf9487365c3fc65",
        "android_client_info": {
          "package_name": "com.simcoder.whatsappclone"
        }
      },
      "oauth_client": [
        {
          "client_id": "911699780224-tda0imj5p77i5u560pilop2gs1baqfia.apps.googleusercontent.com",
          "client_type": 1,
          "android_info": {
            "package_name": "com.simcoder.whatsappclone",
            "certificate_hash": "6fd2fcfad4866e67b1e53c6a18bf490febda80dc"
          }
        },
        {
          "client_id": "911699780224-l72o2fcq3t9ocs4cvc9mf6sp0cgavejr.apps.googleusercontent.com",
          "client_type": 3
        }
      ],
      "api_key": [
        {
          "current_key": "AIzaSyDwiyJhObiUskwT8TUF0G6FTZECcLhrgrY"
        }
      ],
      "services": {
        "appinvite_service": {
          "other_platform_oauth_client": [
            {
              "client_id": "911699780224-l72o2fcq3t9ocs4cvc9mf6sp0cgavejr.apps.googleusercontent.com",
              "client_type": 3
            }
          ]
        }
      }
    }
  ],
  "configuration_version": "1"
}